Label,Machine,Workflow,NumberSequences,Task,WorkflowInputSize,Realtime,%cpu,rss,rchar,wchar,cpus,read_bytes,write_bytes,vmem,memory,peak_rss,TaskInputSize,TaskInputSizeUncompressed,WorkflowInputUncompressed
test,c2,eager,26308272,fastqc,1515197090,104115,186.8,341528576,1561226676,2041890,2,10104832,2371584,3009867776,4294967296,341528576,1515197090,8330435694,8330435694
train-1,c2,eager,1644400,fastqc,111047111,15180,139.9,339288064,146527188,2036527,2,27328512,2379776,3078250496,4294967296,339288064,111047111,520689150,520689150
train-1,c2,eager,13154200,fastqc,885333729,63097,181.2,349315072,920794944,2049678,2,10436608,2396160,3087507456,4294967296,349315072,885333729,4165233066,4165233066
train-1,c2,eager,6577200,fastqc,442941088,34400,184.1,385425408,478400946,2047514,2,0,2371584,3087507456,4294967296,385425408,442941088,2082645444,2082645444
train-1,c2,eager,102800,fastqc,6936992,6498,142.0,336146432,42426007,2013042,2,28672,2351104,3091722240,4294967296,336228352,6936992,32547762,32547762
train-1,c2,eager,3288600,fastqc,221816429,19302,188.0,377929728,257278543,2051962,2,0,2375680,3089522688,4294967296,377929728,221816429,1041322068,1041322068
train-1,c2,eager,822200,fastqc,55489783,8308,178.1,378781696,91033987,2035547,2,0,2367488,3091722240,4294967296,378867712,55489783,260344382,260344382
train-1,c2,eager,205600,fastqc,13863699,6380,170.9,345665536,49335026,2031581,2,0,2396160,3089604608,4294967296,345665536,13863699,65101034,65101034
train-1,c2,eager,411200,fastqc,27757972,7314,171.5,375091200,52668935,2043481,2,0,2396160,3087507456,4294967296,375091200,27757972,130201246,130201246
train-1,c2,eager,25800,fastqc,1745321,4270,158.9,314773504,37246567,2032219,2,0,2404352,3091722240,4294967296,314851328,1745321,8167824,8167824
train-1,c2,eager,51400,fastqc,3472602,4356,176.8,321232896,38951753,2030020,2,0,2416640,3087507456,4294967296,321232896,3472602,16270684,16270684
train-1,c2,eager,822200,adapter_removal,55489783,11501,192.6,198766592,159626391,103956507,8,561152,103976960,18295517184,15032385536,198807552,55489928,260344527,260344382
train-1,c2,eager,3288600,adapter_removal,221816429,45255,185.5,189997056,597561894,415313211,8,0,415338496,18295517184,15032385536,191447040,221816574,1041322213,1041322068
train-1,c2,eager,1644400,adapter_removal,111047111,22472,189.0,189915136,295297721,207930910,8,0,207949824,18295517184,15032385536,189915136,111047256,520689295,520689150
train-1,c2,eager,13154200,adapter_removal,885333729,177865,184.3,204853248,2331725841,1652596089,8,0,1652670464,18295517184,15032385536,204853248,885333874,4165233211,4165233066
train-1,c2,eager,6577200,adapter_removal,442941088,89142,185.2,204161024,1179586499,828512208,8,0,828563456,18295517184,15032385536,204161024,442941233,2082645589,2082645444
test,c2,eager,26308272,adapter_removal,1515197090,360589,182.3,210436096,4412439208,3300335211,8,290816,3300478976,18295517184,15032385536,211013632,1515197235,8330435839,8330435694
train-1,c2,eager,411200,adapter_removal,27757972,6407,184.8,197804032,76042912,52037264,8,2584576,52064256,18296135680,15032385536,197804032,27758117,130201391,130201246
train-1,c2,eager,205600,adapter_removal,13863699,3016,213.8,180203520,39485128,26049326,8,0,26066944,18295517184,15032385536,180203520,13863844,65101179,65101034
train-1,c2,eager,102800,adapter_removal,6936992,1652,208.6,98451456,21182956,13008316,8,0,13029376,18295517184,15032385536,98451456,6937137,32547907,32547762
train-1,c2,eager,25800,adapter_removal,1745321,541,243.3,13393920,18074781,3273625,8,114688,3297280,476905472,15032385536,13393920,1745466,8167969,8167824
train-1,c2,eager,51400,adapter_removal,3472602,925,242.0,12795904,12036145,6492843,8,0,6516736,275070976,15032385536,12795904,3472747,16270829,16270684
train-1,c2,eager,822200,fastqc_after_clipping,55489783,5510,121.8,299864064,36508238,1014708,2,1044480,1175552,3023560704,4294967296,303161344,12492363,65681675,260344382
train-1,c2,eager,3288600,fastqc_after_clipping,221816429,9375,126.3,326967296,73862444,977087,2,0,1138688,3019345920,4294967296,326967296,49861545,262596881,1041322068
train-1,c2,eager,1644400,fastqc_after_clipping,111047111,6353,128.2,308109312,49000165,997870,2,299008,1171456,3019345920,4294967296,308109312,24990619,131384933,520689150
train-1,c2,eager,13154200,fastqc_after_clipping,885333729,28249,105.6,324894720,220590821,969987,2,0,1130496,2941706240,4294967296,324894720,196593946,1050549818,4165233066
train-1,c2,eager,6577200,fastqc_after_clipping,442941088,16171,116.3,362045440,123022542,965329,2,0,1146880,3027746816,4294967296,362045440,99025361,525235969,2082645444
test,c2,eager,26308272,fastqc_after_clipping,1515197090,48242,104.4,337772544,415763680,971182,2,0,1126400,2941706240,4294967296,337772544,391767812,2100725230,8330435694
train-1,c2,eager,411200,fastqc_after_clipping,27757972,5213,159.0,296058880,30284206,1045174,2,0,1200128,3019345920,4294967296,296058880,6254886,32867912,130201246
train-1,c2,eager,205600,fastqc_after_clipping,13863699,4201,140.0,291250176,27190451,1127841,2,0,1286144,3023560704,4294967296,291250176,3130859,16448893,65101034
train-1,c2,eager,102800,fastqc_after_clipping,6936992,3204,154.4,256811008,25615000,1098133,2,0,1273856,3019345920,4294967296,256811008,1565665,8202744,32547762
train-1,c2,eager,25800,fastqc_after_clipping,1745321,3211,135.2,239534080,24459109,1132918,2,0,1318912,3025162240,4294967296,239534080,395647,2054183,8167824
train-1,c2,eager,51400,fastqc_after_clipping,3472602,3184,152.6,243253248,24838427,1107453,2,0,1269760,3021443072,4294967296,243253248,782869,4084751,16270684
train-1,c2,eager,3288600,bwa,221816429,160990,678.2,3002064896,8238407698,435054664,8,79912960,93450240,6669463552,15032385536,3225452544,49865641,262600977,1041322068
train-1,c2,eager,6577200,bwa,442941088,305089,693.2,3225219072,15804504312,868032603,8,1634304,184668160,7079809024,15032385536,3226947584,99029457,525240065,2082645444
train-1,c2,eager,205600,bwa,13863699,11141,590.8,1656619008,1875679966,27755477,8,3133440,6746112,2643296256,15032385536,1810038784,3134955,16452989,65101034
train-1,c2,eager,822200,bwa,55489783,39373,666.7,2185572352,3147602406,108848307,8,0,24543232,3328532480,15032385536,2327015424,12496459,65685771,260344382
train-1,c2,eager,411200,bwa,27757972,19834,662.2,2252144640,1908918677,54964044,8,0,12791808,3491991552,15032385536,2252144640,6258982,32872008,130201246
test,c2,eager,26308272,bwa,1515197090,1216631,689.2,3624296448,60040233900,3482414027,8,18272256,724836352,7379046400,15032385536,3627200512,391771908,2100729326,8330435694
train-1,c2,eager,102800,bwa,6936992,6297,535.4,1379254272,1859037320,14033897,8,1908736,3596288,2261942272,15032385536,1379254272,1569761,8206840,32547762
train-1,c2,eager,51400,bwa,3472602,3962,408.6,930680832,1850750031,7167830,8,786432,1994752,1704001536,15032385536,1055383552,786965,4088847,16270684
train-1,c2,eager,13154200,bwa,885333729,609244,686.9,3393646592,30940043834,1738930090,8,0,366071808,6242373632,15032385536,3393646592,196598042,1050553914,4165233066
train-1,c2,eager,1644400,bwa,111047111,78901,658.4,2730909696,4454038320,217832588,8,544768,47640576,3688550400,15032385536,3020034048,24994715,131389029,520689150
train-1,c2,eager,25800,bwa,1745321,2582,355.5,937193472,1846643705,3747199,8,397312,1159168,1701203968,15032385536,945446912,399743,2058279,8167824
train-1,c2,eager,6577200,samtools_flagstat,442941088,1123,98.7,6340608,111191067,564,1,131072,4096,12357632,1073741824,6340608,112099290,112099290,2082645444
train-1,c2,eager,822200,samtools_flagstat,55489783,221,70.1,4800512,14251632,561,1,0,4096,12357632,1073741824,4800512,15399566,15399566,260344382
train-1,c2,eager,3288600,samtools_flagstat,221816429,581,95.2,6438912,56054174,562,1,0,4096,12357632,1073741824,6438912,57106312,57106312,1041322068
train-1,c2,eager,205600,samtools_flagstat,13863699,208,23.5,4534272,3646876,558,1,3600384,4096,12357632,1073741824,4534272,4460223,4460223,65101034
test,c2,eager,26308272,samtools_flagstat,1515197090,4353,96.8,4743168,433883092,565,1,0,4096,12357632,1073741824,4743168,434369623,434369623,8330435694
train-1,c2,eager,411200,samtools_flagstat,27757972,369,27.1,4714496,7198041,560,1,7151616,4096,12357632,1073741824,4714496,8229298,8229298,130201246
train-1,c2,eager,102800,samtools_flagstat,6936992,42,50.0,0,1854222,558,1,0,4096,0,1073741824,0,2458251,2458251,32547762
train-1,c2,eager,51400,samtools_flagstat,3472602,16,72.7,3100672,955234,557,1,0,4096,5615616,1073741824,3100672,1414881,1414881,16270684
train-1,c2,eager,13154200,samtools_flagstat,885333729,2191,96.7,6500352,220145429,564,1,0,4096,12357632,1073741824,6500352,220843058,220843058,4165233066
train-1,c2,eager,25800,samtools_flagstat,1745321,14,94.1,3158016,506509,557,1,0,4096,5615616,1073741824,3158016,877407,877407,8167824
train-1,c2,eager,1644400,samtools_flagstat,111047111,342,85.0,6402048,28282364,561,1,0,4096,12357632,1073741824,6402048,29416392,29416392,520689150
train-1,c2,eager,3288600,samtools_filter,221816429,662,302.8,9912320,72574368,17597418,4,0,17612800,468328448,8589934592,9912320,57106312,57106312,1041322068
train-1,c2,eager,6577200,samtools_filter,442941088,1319,300.3,10276864,143738835,33534587,4,0,33579008,468328448,8589934592,10276864,112099290,112099290,2082645444
train-1,c2,eager,3288600,samtools_flagstat_after_filter,221816429,233,85.1,6459392,16554430,562,1,0,4096,12357632,1073741824,6459392,17597239,17597239,1041322068
train-1,c2,eager,3288600,preseq,221816429,1393,91.4,7909376,16554434,5102,1,659456,8192,13656064,1073741824,7909376,16504471,16504471,1041322068
train-1,c2,eager,3288600,markduplicates,221816429,10894,124.4,1700544512,73017271,17857475,2,24821760,17907712,7702335488,4294967296,1700544512,17597239,17597239,1041322068
test,c2,eager,26308272,samtools_filter,1515197090,5286,287.4,10317824,557250372,124019566,4,0,124149760,468328448,8589934592,10317824,434369623,434369623,8330435694
train-1,c2,eager,6577200,preseq,442941088,3387,96.2,7909376,32582009,10212,1,0,12288,13656064,1073741824,7909376,32532048,32532048,2082645444
train-1,c2,eager,6577200,samtools_flagstat_after_filter,442941088,387,86.7,6451200,32582007,562,1,0,4096,12357632,1073741824,6451200,33534408,33534408,2082645444
train-1,c2,eager,6577200,markduplicates,442941088,16245,152.1,2318733312,120587522,33282304,2,1626112,33386496,7702335488,4294967296,2321244160,33534408,33534408,2082645444
train-1,c2,eager,411200,samtools_filter,27757972,154,175.0,10264576,9359158,3068444,4,0,3072000,468328448,8589934592,10264576,8229298,8229298,130201246
train-1,c2,eager,822200,samtools_filter,55489783,218,225.4,10383360,18506266,5312972,4,0,5316608,468328448,8589934592,10383360,15399566,15399566,260344382
train-1,c2,eager,51400,samtools_filter,3472602,40,102.6,3149824,1248171,723998,4,0,729088,5615616,8589934592,3149824,1414881,1414881,16270684
train-1,c2,eager,102800,samtools_filter,6936992,71,100.0,3162112,2418262,1103455,4,8192,1105920,5615616,8589934592,3162112,2458251,2458251,32547762
train-1,c2,eager,205600,samtools_filter,13863699,123,115.4,6799360,4748378,1807974,4,2097152,1814528,130129920,8589934592,7024640,4460223,4460223,65101034
test,c2,eager,26308272,samtools_flagstat_after_filter,1515197090,1424,91.0,4616192,123401521,565,1,933888,4096,12357632,1073741824,4616192,124019386,124019386,8330435694
test,c2,eager,26308272,preseq,1515197090,11984,95.0,7692288,123401522,52058,1,663552,53248,13656064,1073741824,7692288,123351554,123351554,8330435694
train-1,c2,eager,13154200,samtools_filter,885333729,3024,259.3,10358784,283887425,64574580,4,0,64622592,468328448,8589934592,10358784,220843058,220843058,4165233066
train-1,c2,eager,411200,samtools_flagstat_after_filter,27757972,35,50.8,6459392,2195355,559,1,1167360,4096,12357632,1073741824,6459392,3068266,3068266,130201246
train-1,c2,eager,411200,preseq,27757972,244,84.8,7602176,2195356,729,1,0,4096,13529088,1073741824,7602176,2145402,2145402,130201246
train-1,c2,eager,1644400,samtools_filter,111047111,433,236.5,10371072,36680468,9502539,4,0,9510912,468328448,8589934592,10371072,29416392,29416392,520689150
train-1,c2,eager,822200,samtools_flagstat_after_filter,55489783,68,73.8,3121152,4288875,559,1,1015808,4096,5615616,1073741824,3121152,5312794,5312794,260344382
train-1,c2,eager,822200,preseq,55489783,352,85.8,7581696,4288876,1281,1,0,4096,13529088,1073741824,7581696,4238922,4238922,260344382
train-1,c2,eager,25800,samtools_filter,1745321,38,84.2,3063808,663457,526378,4,458752,528384,5615616,8589934592,3063808,877407,877407,8167824
test,c2,eager,26308272,markduplicates,1515197090,44565,123.8,2877194240,387903057,118310101,2,27955200,118444032,7702335488,4294967296,2881585152,124019386,124019386,8330435694
train-1,c2,eager,411200,markduplicates,27757972,4304,172.9,1372512256,30285232,3673668,2,2420736,3690496,7702335488,4294967296,1373888512,3068266,3068266,130201246
train-1,c2,eager,51400,samtools_flagstat_after_filter,3472602,12,47.1,0,327175,557,1,278528,4096,0,1073741824,0,723821,723821,16270684
train-1,c2,eager,51400,preseq,3472602,104,33.3,7766016,327176,257,1,536576,4096,13656064,1073741824,7766016,277229,277229,16270684
train-1,c2,eager,102800,samtools_flagstat_after_filter,6936992,51,34.0,3112960,598283,574,1,659456,4096,5615616,1073741824,3112960,1103266,1103266,32547762
train-1,c2,eager,102800,preseq,6936992,147,47.1,7454720,598282,335,1,811008,4096,13529088,1073741824,7454720,548314,548314,32547762
train-1,c2,eager,3288600,damageprofiler,221816429,16239,88.4,728207360,52611200,376664,1,16879616,528384,7308218368,4294967296,730394624,695580597,695580597,1041322068
train-1,c2,eager,822200,markduplicates,55489783,4991,145.3,1385693184,36521442,5873835,2,5955584,5890048,7702335488,4294967296,1385693184,5312794,5312794,260344382
train-1,c2,eager,51400,markduplicates,3472602,3151,146.5,733696000,24626321,1360592,2,925696,1368064,7225204736,4294967296,733696000,723821,723821,16270684
train-1,c2,eager,205600,samtools_flagstat_after_filter,13863699,45,38.1,3129344,1135740,559,1,1089536,4096,5615616,1073741824,3129344,1807796,1807796,65101034
train-1,c2,eager,205600,preseq,13863699,148,75.0,7581696,1135741,453,1,0,4096,13529088,1073741824,7581696,1085788,1085788,65101034
train-1,c2,eager,102800,markduplicates,6936992,3273,167.0,1358778368,25522069,1736761,2,0,1748992,7566012416,4294967296,1358778368,1103266,1103266,32547762
train-1,c2,eager,13154200,samtools_flagstat_after_filter,885333729,778,87.9,6430720,63776238,564,1,5206016,4096,12357632,1073741824,6430720,64574401,64574401,4165233066
train-1,c2,eager,205600,markduplicates,13863699,3528,166.6,1371643904,27126205,2433010,2,0,2437120,7566012416,4294967296,1371643904,1807796,1807796,65101034
train-1,c2,eager,13154200,preseq,885333729,6218,93.5,7864320,63776239,23006,1,0,24576,13656064,1073741824,7864320,63726273,63726273,4165233066
train-1,c2,eager,13154200,markduplicates,885333729,25431,128.1,2715017216,212772527,62924888,2,14909440,62988288,7702335488,4294967296,2727108608,64574401,64574401,4165233066
train-1,c2,eager,1644400,preseq,111047111,778,92.2,7512064,8432343,2538,1,8384512,4096,13529088,1073741824,7512064,8382384,8382384,520689150
train-1,c2,eager,1644400,samtools_flagstat_after_filter,111047111,163,56.3,6230016,8432343,562,1,0,4096,12357632,1073741824,6230016,9502360,9502360,520689150
train-1,c2,eager,25800,preseq,1745321,40,57.1,0,191188,227,1,143360,4096,0,1073741824,0,141242,141242,8167824
train-1,c2,eager,25800,samtools_flagstat_after_filter,1745321,15,50.0,0,191187,557,1,0,4096,0,1073741824,0,526202,526202,8167824
train-1,c2,eager,6577200,damageprofiler,442941088,19175,90.3,1238822912,68126296,643077,1,18231296,802816,7223369728,4294967296,1239306240,711005422,711005422,2082645444
train-1,c2,eager,411200,damageprofiler,27757972,6733,91.0,271626240,38597313,133225,1,5881856,188416,7238230016,4294967296,271790080,681396829,681396829,130201246
train-1,c2,eager,51400,damageprofiler,3472602,3701,86.4,152928256,26190198,96448,1,4976640,135168,7306391552,4294967296,152928256,679083823,679083823,16270684
train-1,c2,eager,822200,damageprofiler,55489783,8273,90.6,378703872,40646499,170764,1,8994816,241664,7238144000,4294967296,378793984,683597006,683597006,260344382
train-1,c2,eager,102800,damageprofiler,6936992,4388,87.8,194109440,26457961,103918,1,6385664,139264,7230722048,4294967296,194174976,679459968,679459968,32547762
train-1,c2,eager,205600,damageprofiler,13863699,5667,92.2,251768832,37141890,114750,1,2412544,159744,7230722048,4294967296,252899328,680156201,680156201,65101034
train-1,c2,eager,1644400,markduplicates,111047111,6763,133.8,1510096896,48856346,9968056,2,15802368,9969664,7702335488,4294967296,1510588416,9502360,9502360,520689150
train-1,c2,eager,25800,markduplicates,1745321,2561,144.9,1309990912,24220246,1164848,2,6578176,1167360,7225204736,4294967296,1309990912,526202,526202,8167824
train-1,c2,eager,13154200,damageprofiler,885333729,29614,93.5,1635135488,97920811,1163984,1,2170880,1286144,7224532992,4294967296,1635135488,740647726,740647726,4165233066
train-1,c2,eager,1644400,damageprofiler,111047111,12705,90.5,440131584,44278813,240729,1,3067904,299008,7310336000,4294967296,444801024,687691195,687691195,520689150
train-1,c2,eager,25800,damageprofiler,1745321,3226,91.2,149733376,25640415,92600,1,733184,139264,7308218368,4294967296,149733376,678888079,678888079,8167824
test,c2,eager,26308272,damageprofiler,1515197090,42506,95.9,1749639168,153488239,2152860,1,0,2347008,7221407744,4294967296,1754370048,796032658,796032658,8330435694
train-1,c2,eager,6577200,qualimap,442941088,12944,167.9,882454528,66623266,899277,2,7577600,1007616,7369580544,4294967296,882454528,711005422,711005422,2082645444
train-1,c2,eager,822200,qualimap,55489783,8947,150.9,910114816,39550927,837390,2,9273344,958464,7369580544,4294967296,910114816,683597006,683597006,260344382
train-1,c2,eager,205600,qualimap,13863699,8911,160.5,774373376,36449679,852693,2,1073152,962560,7369580544,4294967296,774373376,680156201,680156201,65101034
train-1,c2,eager,13154200,qualimap,885333729,16839,177.6,936996864,96569730,872642,2,0,983040,7298310144,4294967296,936996864,740647726,740647726,4165233066
test,c2,eager,26308272,qualimap,1515197090,21916,188.2,1256755200,152402904,858625,2,0,978944,7298310144,4294967296,1256755200,796032658,796032658,8330435694
train-1,c2,eager,25800,qualimap,1745321,9108,153.3,840478720,35516556,918894,2,0,1032192,7369580544,4294967296,866484224,678888079,678888079,8167824
train-1,c2,eager,102800,qualimap,6936992,7411,161.9,820641792,35922551,871819,2,544768,978944,7369580544,4294967296,820641792,679459968,679459968,32547762
train-1,c2,eager,1644400,qualimap,111047111,8494,175.3,736092160,43607079,869874,2,0,1003520,7369580544,4294967296,736092160,687691195,687691195,520689150
train-1,c2,eager,3288600,qualimap,221816429,9338,175.3,838746112,51521770,880785,2,0,1003520,7369580544,4294967296,838746112,695580597,695580597,1041322068
train-1,c2,eager,411200,qualimap,27757972,7898,172.2,844902400,37497646,823287,2,2113536,933888,7369580544,4294967296,844902400,681396829,681396829,130201246
train-1,c2,eager,51400,qualimap,3472602,7660,164.9,799039488,35652493,895937,2,278528,1007616,7369580544,4294967296,799039488,679083823,679083823,16270684
train-1,c2,eager,3288600,genotyping_hc,221816429,681433,108.6,5566447616,1552829799,103365696,8,87965696,103493632,18509590528,15032385536,5566447616,695627408,695627408,1041322068
train-1,c2,eager,102800,genotyping_hc,6936992,360786,111.4,2769244160,1392972454,5971067,8,557056,6012928,18509053952,15032385536,2776772608,679506779,679506779,32547762
train-1,c2,eager,205600,genotyping_hc,13863699,353569,112.7,2707378176,1422987751,9154356,8,724992,9191424,18509221888,15032385536,2707877888,680203012,680203012,65101034
train-1,c2,eager,6577200,genotyping_hc,442941088,971409,108.9,5576794112,1661724950,202545220,8,1003520,202661888,18511597568,15032385536,5579714560,711052233,711052233,2082645444
train-1,c2,eager,13154200,genotyping_hc,885333729,1505323,110.5,5587206144,1869255532,396125581,8,45056,396259328,18511446016,15032385536,5587206144,740694537,740694537,4165233066
train-1,c2,eager,822200,genotyping_hc,55489783,432133,111.3,2479603712,1465254682,28144422,8,1077248,28209152,18509574144,15032385536,2490933248,683643817,683643817,260344382
train-1,c2,eager,411200,genotyping_hc,27757972,385369,112.2,2707869696,1442815270,15478560,8,925696,15523840,18509422592,15032385536,2710302720,681443640,681443640,130201246
train-1,c2,eager,51400,genotyping_hc,3472602,365949,110.5,4697985024,1340847082,4390500,8,450560,4419584,18481672192,15032385536,4697985024,679130634,679130634,16270684
train-1,c2,eager,25800,genotyping_hc,1745321,349223,112.0,3376181248,1289196147,3597146,8,0,3624960,18481606656,15032385536,3380727808,678934890,678934890,8167824
test,c2,eager,26308272,genotyping_hc,1515197090,2383971,114.7,5586153472,2262978181,766337927,8,0,766406656,18511265792,15032385536,5586153472,796079469,796079469,8330435694
train-1,c2,eager,1644400,genotyping_hc,111047111,512239,111.6,3375640576,1496608678,53391316,8,0,53460992,18509619200,15032385536,3375640576,687738006,687738006,520689150
train-1,c2,eager,3288600,bcftools_stats,221816429,2709,106.6,10641408,689337906,14230,2,0,20480,1050062848,4294967296,10641408,687094074,678428015,1041322068
train-1,c2,eager,102800,bcftools_stats,6936992,2068,106.4,9949184,678740834,12004,2,139264,16384,1049927680,4294967296,9949184,678659695,678428015,32547762
train-1,c2,eager,205600,bcftools_stats,13863699,2063,104.1,9801728,679024223,12075,2,0,16384,1049927680,4294967296,9801728,678943083,678428015,65101034
train-1,c2,eager,6577200,bcftools_stats,442941088,3416,104.7,10465280,703089437,16320,2,192512,20480,1050062848,4294967296,10465280,695602725,678428015,2082645444
train-1,c2,eager,13154200,bcftools_stats,885333729,4682,103.3,10543104,736051354,19270,2,0,24576,1050198016,4294967296,10543104,712180641,678428015,4165233066
train-1,c2,eager,822200,bcftools_stats,55489783,2388,108.6,10326016,680950048,12430,2,0,16384,1050062848,4294967296,10326016,680606763,678428015,260344382
train-1,c2,eager,411200,bcftools_stats,27757972,2296,107.9,10485760,679647829,12203,2,0,16384,1050062848,4294967296,10485760,679501151,678428015,130201246
train-1,c2,eager,51400,bcftools_stats,3472602,2188,109.4,9707520,678582547,11889,2,0,16384,1049927680,4294967296,9707520,678517594,678428015,16270684
train-1,c2,eager,25800,bcftools_stats,1745321,2154,109.8,9809920,678510406,11885,2,0,16384,1049927680,4294967296,9809920,678445454,678428015,8167824
test,c2,eager,26308272,bcftools_stats,1515197090,6181,103.0,10481664,816968264,22551,2,0,28672,1050218496,4294967296,10481664,744011086,678428015,8330435694
train-1,c2,eager,1644400,bcftools_stats,111047111,2312,107.8,10473472,683462535,12963,2,0,20480,1050062848,4294967296,10473472,682791568,678428015,520689150
train-2,c2,eager,40517890,fastqc,2558365820,185521,185.4,369565696,2604410159,2073931,2,2561892352,2400256,3087507456,4294967296,369799168,2558365820,12853007928,12853007928
test,c2,eager,81035690,fastqc,4341560449,312271,189.6,338681856,4387607059,2085437,2,4163514368,2416640,3009867776,4294967296,338948096,4341560449,25705994498,25705994498
train-2,c2,eager,10129600,fastqc,641176244,56334,166.6,357490688,676637267,2049563,2,647327744,2396160,3087507456,4294967296,357490688,641176244,3213283072,3213283072
train-2,c2,eager,2532400,fastqc,160406600,17497,179.2,332091392,195867403,2048449,2,160411648,2392064,3009867776,4294967296,332091392,160406600,803341072,803341072
train-2,c2,eager,633200,fastqc,40164535,7374,182.4,373248000,75623251,2033896,2,40165376,2367488,3087507456,4294967296,373248000,40164535,200867866,200867866
train-2,c2,eager,20259000,fastqc,1280928724,92617,190.9,333729792,1327042531,2058915,2,1296257024,2396160,3009867776,4294967296,333967360,1280928724,6426512054,6426512054
train-2,c2,eager,5064800,fastqc,321131462,26653,182.0,334331904,356679964,2052366,2,325775360,2387968,3009867776,4294967296,334331904,321131462,1606644896,1606644896
train-2,c2,eager,1266200,fastqc,80290405,11781,165.3,377188352,115748966,2037521,2,82907136,2359296,3091722240,4294967296,381079552,80290405,401672466,401672466
train-2,c2,eager,316600,fastqc,20081217,7837,145.3,380985344,55633979,2053092,2,23900160,2383872,3091722240,4294967296,384573440,20081217,100428862,100428862
train-2,c2,eager,158400,fastqc,10047704,6378,158.8,343195648,45523182,2042711,2,10850304,2363392,3121111040,4294967296,343285760,10047704,50241970,50241970
train-2,c2,eager,79200,fastqc,5020214,5398,150.1,326475776,40506033,2009845,2,5177344,2338816,3091722240,4294967296,326488064,5020214,25120602,25120602
train-2,c2,eager,20259000,adapter_removal,1280928724,272186,182.5,193478656,3481485374,2511366371,8,21020672,2511462400,18295517184,15032385536,193478656,1280928869,6426512199,6426512054
train-2,c2,eager,10129600,adapter_removal,641176244,137559,182.9,193953792,1755860846,1259330523,8,41922560,1259376640,18295517184,15032385536,193953792,641176389,3213283217,3213283072
train-2,c2,eager,633200,adapter_removal,40164535,9014,192.4,186638336,112161315,79068713,8,13144064,79089664,18295517184,15032385536,186638336,40164680,200868011,200867866
train-2,c2,eager,1266200,adapter_removal,80290405,17355,188.6,190545920,231752181,157898985,8,14102528,157921280,18295517184,15032385536,191135744,80290550,401672611,401672466
train-2,c2,eager,40517890,adapter_removal,2558365820,548519,182.0,195751936,6950850513,5013747111,8,67809280,5013942272,18295517184,15032385536,199909376,2558365965,12853008073,12853007928
train-2,c2,eager,2532400,adapter_removal,160406600,34901,187.7,187023360,438868083,315239697,8,77914112,315260928,18295517184,15032385536,187465728,160406745,803341217,803341072
test,c2,eager,81035690,adapter_removal,4341560449,1096640,181.3,202653696,13119951880,10005512825,8,218697728,10005901312,18295517184,15032385536,203132928,4341560594,25705994643,25705994498
train-2,c2,eager,5064800,adapter_removal,321131462,69776,183.9,187498496,875154262,630458238,8,63893504,630476800,18295517184,15032385536,188006400,321131607,1606645041,1606644896
train-2,c2,eager,316600,adapter_removal,20081217,4643,201.7,190640128,57515664,39517365,8,20086784,39538688,18295517184,15032385536,190640128,20081362,100429007,100428862
train-2,c2,eager,158400,adapter_removal,10047704,2487,205.3,202641408,40869470,19853119,8,11603968,19877888,18296492032,15032385536,202641408,10047849,50242115,50241970
train-2,c2,eager,79200,adapter_removal,5020214,1342,225.2,126107648,16615386,9946279,8,5025792,9965568,18295517184,15032385536,126107648,5020359,25120747,25120602
train-2,c2,eager,20259000,fastqc_after_clipping,1280928724,38759,102.8,321982464,318467680,966277,2,577536,1134592,2941706240,4294967296,321982464,294474295,1609092043,6426512054
train-2,c2,eager,10129600,fastqc_after_clipping,641176244,21480,103.2,338829312,172392125,959510,2,618496,1130496,3023560704,4294967296,338829312,148400095,804593980,3213283072
train-2,c2,eager,633200,fastqc_after_clipping,40164535,6692,98.9,309567488,33377041,1020394,2,10698752,1187840,3023560704,4294967296,309657600,9358238,50377325,200867866
train-2,c2,eager,1266200,fastqc_after_clipping,80290405,6482,114.0,304734208,42690812,998213,2,1323008,1146880,3021443072,4294967296,304734208,18681204,100635861,401672466
train-2,c2,eager,40517890,fastqc_after_clipping,2558365820,70224,102.8,333832192,610172773,978908,2,0,1134592,2941706240,4294967296,333832192,586173793,3218008747,12853007928
train-2,c2,eager,2532400,fastqc_after_clipping,160406600,7201,115.0,307691520,61232212,984131,2,0,1146880,3019345920,4294967296,307691520,37228416,201134728,803341072
test,c2,eager,81035690,fastqc_after_clipping,4341560449,133257,101.1,367374336,1200001173,982984,2,0,1142784,3019345920,4294967296,367374336,1165431279,6435671112,25705994498
train-2,c2,eager,5064800,fastqc_after_clipping,321131462,12179,115.2,320421888,98441690,970016,2,0,1130496,3019345920,4294967296,320421888,74444317,402315380,1606644896
train-2,c2,eager,316600,fastqc_after_clipping,20081217,4289,156.4,279175168,28713408,1056918,2,0,1204224,3019345920,4294967296,279175168,4678207,25168892,100428862
train-2,c2,eager,158400,fastqc_after_clipping,10047704,3207,156.2,241127424,26405108,1108224,2,0,1273856,3019345920,4294967296,241127424,2352563,12634951,50241970
train-2,c2,eager,79200,fastqc_after_clipping,5020214,3208,130.7,245035008,25250850,1174239,2,0,1339392,3023560704,4294967296,245125120,1179335,6324024,25120602
train-2,c2,eager,2532400,bwa,160406600,131901,649.5,2809122816,6937837988,332238551,8,580853760,71839744,5986676736,15032385536,2894725120,37232512,201138824,803341072
test,c2,eager,81035690,bwa,4341560449,3963622,690.7,7325007872,183324171649,11492183048,8,56340480,3010793472,8423030784,15032385536,7867465728,1165435375,6435675208,25705994498
train-2,c2,eager,40517890,bwa,2558365820,1927856,694.5,5199142912,91598207526,5340466696,8,0,1099624448,7379849216,15032385536,5644980224,586177889,3218012843,12853007928
train-2,c2,eager,316600,bwa,20081217,16787,606.7,1867743232,1893181540,42299751,8,0,10002432,2930507776,15032385536,1920884736,4682303,25172988,100428862
train-2,c2,eager,79200,bwa,5020214,4743,540.8,1284280320,1855166416,10872066,8,1179648,2875392,2249035776,15032385536,1284280320,1183431,6328120,25120602
train-2,c2,eager,633200,bwa,40164535,32424,644.2,2270650368,3116199956,83683969,8,0,19062784,3522387968,15032385536,2397872128,9362334,50381421,200867866
train-2,c2,eager,10129600,bwa,641176244,483790,690.0,3448823808,23401798276,1331803597,8,0,280862720,6744899584,15032385536,3470721024,148404191,804598076,3213283072
train-2,c2,eager,1266200,bwa,80290405,62113,671.5,2650755072,4390077596,166510271,8,0,36814848,3701231616,15032385536,2719252480,18685300,100639957,401672466
train-2,c2,eager,5064800,bwa,321131462,238799,689.3,3130077184,12035077540,665156157,8,0,142000128,7039950848,15032385536,3135328256,74448413,402319476,1606644896
train-2,c2,eager,20259000,bwa,1280928724,959688,694.8,3366498304,46133637206,2667342652,8,0,556261376,6175383552,15032385536,3677696000,294478391,1609096139,6426512054
train-2,c2,eager,158400,bwa,10047704,8882,572.7,1648508928,1867886908,21434188,8,2355200,5308416,2747781120,15032385536,1665626112,2356659,12639047,50241970
train-2,c2,eager,2532400,samtools_flagstat,160406600,447,98.6,4837376,42511607,564,1,0,4096,12357632,1073741824,4837376,43609888,43609888,803341072
test,c2,eager,81035690,samtools_flagstat,4341560449,14002,96.9,4694016,1260145460,569,1,0,4096,12357632,1073741824,4694016,1260614104,1260614104,25705994498
train-2,c2,eager,79200,samtools_flagstat,5020214,43,52.2,0,1427496,560,1,0,4096,0,1073741824,0,1967918,1967918,25120602
train-2,c2,eager,40517890,samtools_flagstat,2558365820,6946,95.8,6529024,649098898,567,1,0,4096,12357632,1073741824,6529024,649506096,649506096,12853007928
train-2,c2,eager,316600,samtools_flagstat,20081217,85,91.4,4861952,5476491,561,1,0,4096,12357632,1073741824,4861952,6427234,6427234,100428862
train-2,c2,eager,20259000,samtools_flagstat,1280928724,3473,95.8,6418432,330535218,566,1,0,4096,12357632,1073741824,6418432,331106995,331106995,6426512054
train-2,c2,eager,10129600,samtools_flagstat,641176244,1704,96.6,6549504,167299488,566,1,0,4096,12357632,1073741824,6549504,168081347,168081347,3213283072
train-2,c2,eager,1266200,samtools_flagstat,80290405,263,86.0,4792320,21451881,563,1,0,4096,12357632,1073741824,4792320,22605475,22605475,401672466
train-2,c2,eager,5064800,samtools_flagstat,321131462,851,95.6,6393856,84412059,564,1,0,4096,12357632,1073741824,6393856,85384962,85384962,1606644896
train-2,c2,eager,633200,samtools_flagstat,40164535,203,66.7,6459392,10839345,563,1,0,4096,12357632,1073741824,6459392,11957141,11957141,200867866
train-2,c2,eager,158400,samtools_flagstat,10047704,52,65.6,3170304,2788475,560,1,0,4096,5615616,1073741824,3170304,3517003,3517003,50241970
train-2,c2,eager,79200,samtools_filter,5020214,56,109.8,3289088,1859297,922599,4,0,925696,5615616,8589934592,3289088,1967918,1967918,25120602
train-2,c2,eager,10129600,samtools_filter,641176244,2063,292.5,10276864,216009736,49608898,4,0,49664000,468328448,8589934592,10276864,168081347,168081347,3213283072
train-2,c2,eager,79200,samtools_flagstat_after_filter,5020214,15,72.7,0,466073,559,1,0,4096,0,1073741824,0,922420,922420,25120602
train-2,c2,eager,79200,preseq,5020214,179,31.2,3506176,466072,289,1,679936,4096,9097216,1073741824,3506176,416092,416092,25120602
train-2,c2,eager,79200,markduplicates,5020214,5222,105.9,1370677248,25126952,1557421,2,13504512,1564672,7566012416,4294967296,1370677248,922420,922420,25120602
train-2,c2,eager,2532400,samtools_filter,160406600,578,267.8,10248192,55084993,13672807,4,0,13692928,468328448,8589934592,10248192,43609888,43609888,803341072
test,c2,eager,81035690,samtools_filter,4341560449,15774,284.5,10010624,1599281788,339672295,4,0,340037632,468328448,8589934592,10010624,1260614104,1260614104,25705994498
train-2,c2,eager,10129600,samtools_flagstat_after_filter,641176244,591,90.8,6402048,48744521,566,1,0,4096,12357632,1073741824,6402048,49608717,49608717,3213283072
train-2,c2,eager,10129600,preseq,641176244,5140,95.3,7774208,48744523,15975,1,0,16384,13656064,1073741824,7774208,48694525,48694525,3213283072
train-2,c2,eager,10129600,markduplicates,641176244,20829,138.2,2431520768,168461319,48743307,2,368640,48820224,7702335488,4294967296,2431520768,49608717,49608717,3213283072
train-2,c2,eager,2532400,samtools_flagstat_after_filter,160406600,191,78.5,6414336,12607658,564,1,0,4096,12357632,1073741824,6414336,13672626,13672626,803341072
train-2,c2,eager,2532400,preseq,160406600,1249,95.6,7671808,12607661,3858,1,0,4096,13656064,1073741824,7671808,12557666,12557666,803341072
train-2,c2,eager,79200,damageprofiler,5020214,4677,72.2,195645440,25911649,100640,1,14475264,131072,7308140544,4294967296,195645440,679280648,679280648,25120602
train-2,c2,eager,2532400,markduplicates,160406600,7533,135.2,1654280192,61278310,14034396,2,10596352,14061568,7702335488,4294967296,1654280192,13672626,13672626,803341072
train-2,c2,eager,633200,samtools_filter,40164535,358,108.8,4673536,14080448,4244037,4,5484544,4247552,12357632,8589934592,4673536,11957141,11957141,200867866
train-2,c2,eager,5064800,samtools_filter,321131462,916,311.9,10424320,109182968,25804999,4,0,25821184,468328448,8589934592,10424320,85384962,85384962,1606644896
train-2,c2,eager,316600,samtools_filter,20081217,194,110.0,4755456,7126545,2474438,4,5427200,2482176,12357632,8589934592,4755456,6427234,6427234,100428862
train-2,c2,eager,20259000,samtools_filter,1280928724,4036,290.8,10129408,425413555,95606376,4,0,95670272,468328448,8589934592,10129408,331106995,331106995,6426512054
test,c2,eager,81035690,samtools_flagstat_after_filter,4341560449,3887,92.1,6529024,339170603,567,1,11943936,4096,12357632,1073741824,6529024,339672113,339672113,25705994498
test,c2,eager,81035690,preseq,4341560449,34263,96.9,7905280,339170607,169962,1,1036288,172032,13656064,1073741824,7905280,339120601,339120601,25705994498
test,c2,eager,81035690,markduplicates,4341560449,106975,113.7,2593284096,1007012938,305759924,2,44060672,305840128,7702335488,4294967296,2594615296,339672113,339672113,25705994498
train-2,c2,eager,1266200,samtools_filter,80290405,356,211.5,10248192,27824571,7473107,4,0,7475200,468328448,8589934592,10248192,22605475,22605475,401672466
train-2,c2,eager,633200,preseq,40164535,370,77.1,7798784,3275361,1019,1,40960,4096,13529088,1073741824,7798784,3225373,3225373,200867866
train-2,c2,eager,633200,samtools_flagstat_after_filter,40164535,50,87.0,3182592,3275360,561,1,0,4096,5615616,1073741824,3182592,4243845,4243845,200867866
train-2,c2,eager,40517890,samtools_filter,2558365820,7963,294.0,10272768,831416081,182865748,4,0,183029760,468328448,8589934592,10272768,649506096,649506096,12853007928
train-2,c2,eager,5064800,samtools_flagstat_after_filter,321131462,317,78.5,6365184,24805180,564,1,0,4096,12357632,1073741824,6365184,25804818,25804818,1606644896
train-2,c2,eager,5064800,preseq,321131462,2644,93.5,8019968,24805182,7736,1,0,8192,13656064,1073741824,8019968,24755186,24755186,1606644896
train-2,c2,eager,316600,samtools_flagstat_after_filter,20081217,27,92.3,3235840,1684324,561,1,0,4096,5615616,1073741824,3235840,2474258,2474258,100428862
train-2,c2,eager,316600,preseq,20081217,241,77.6,7741440,1684326,599,1,0,4096,13529088,1073741824,7741440,1634338,1634338,100428862
train-2,c2,eager,2532400,damageprofiler,160406600,15987,80.9,556572672,48765861,311674,1,18792448,401408,7310200832,4294967296,557584384,691757530,691757530,803341072
train-2,c2,eager,158400,samtools_filter,10047704,140,79.3,9523200,3627850,1472874,4,2740224,1478656,467410944,8589934592,9523200,3517003,3517003,50241970
train-2,c2,eager,633200,markduplicates,40164535,4228,154.8,1375088640,33501919,4825993,2,319488,4829184,7702335488,4294967296,1376292864,4243845,4243845,200867866
train-2,c2,eager,5064800,markduplicates,321131462,14199,148.3,2275897344,97523060,25818590,2,3227648,25849856,7702335488,4294967296,2277208064,25804818,25804818,1606644896
train-2,c2,eager,316600,markduplicates,20081217,3906,155.6,1371275264,28761859,3089445,2,2097152,3096576,7702335488,4294967296,1371512832,2474258,2474258,100428862
train-2,c2,eager,10129600,damageprofiler,641176244,22115,93.2,1576824832,82843834,914442,1,8343552,1138688,7308218368,4294967296,1576824832,726466140,726466140,3213283072
train-2,c2,eager,20259000,preseq,1280928724,9295,91.8,7622656,94912610,37933,1,13303808,45056,13656064,1073741824,7622656,94862610,94862610,6426512054
train-2,c2,eager,20259000,samtools_flagstat_after_filter,1280928724,1019,90.0,4722688,94912608,566,1,0,4096,12357632,1073741824,4722688,95606194,95606194,6426512054
train-2,c2,eager,20259000,markduplicates,1280928724,35780,126.5,2573561856,304771044,92231721,2,2928640,92286976,7702335488,4294967296,2580119552,95606194,95606194,6426512054
train-2,c2,eager,1266200,preseq,80290405,711,79.6,7704576,6406966,1925,1,6356992,4096,13529088,1073741824,7704576,6356975,6356975,401672466
train-2,c2,eager,1266200,samtools_flagstat_after_filter,80290405,113,62.6,4775936,6406963,563,1,0,4096,12357632,1073741824,4775936,7472927,7472927,401672466
train-2,c2,eager,40517890,samtools_flagstat_after_filter,2558365820,2216,83.6,6545408,182351458,567,1,13701120,4096,12357632,1073741824,6545408,182865566,182865566,12853007928
train-2,c2,eager,40517890,preseq,2558365820,18991,92.7,7667712,182351460,82003,1,757760,81920,13656064,1073741824,7667712,182301454,182301454,12853007928
train-2,c2,eager,158400,samtools_flagstat_after_filter,10047704,49,31.4,3137536,873648,561,1,827392,4096,5615616,1073741824,3137536,1472695,1472695,50241970
train-2,c2,eager,158400,preseq,10047704,94,82.8,7741440,873648,394,1,0,4096,13529088,1073741824,7741440,823663,823663,50241970
train-2,c2,eager,633200,damageprofiler,40164535,7677,94.2,252776448,39654072,152406,1,3170304,196608,7221407744,4294967296,252776448,682549164,682549164,200867866
train-2,c2,eager,316600,damageprofiler,20081217,5731,94.3,243507200,38096066,124509,1,0,155648,7228624896,4294967296,243507200,680812606,680812606,100428862
train-2,c2,eager,5064800,damageprofiler,321131462,15104,88.3,1139933184,60199909,514936,1,3936256,618496,7308140544,4294967296,1140830208,703541706,703541706,1606644896
train-2,c2,eager,1266200,markduplicates,80290405,5820,142.4,1423892480,42823298,7981688,2,6979584,7987200,7702335488,4294967296,1424453632,7472927,7472927,401672466
train-2,c2,eager,40517890,markduplicates,2558365820,54533,121.7,2990755840,559223265,171627183,2,21172224,171642880,7702335488,4294967296,2991046656,182865566,182865566,12853007928
train-2,c2,eager,1266200,damageprofiler,80290405,8362,89.6,395005952,42294558,207247,1,1183744,245760,7223504896,4294967296,395124736,685704840,685704840,401672466
train-2,c2,eager,158400,markduplicates,10047704,3409,162.6,1359052800,26343952,2101999,2,1089536,2105344,7497850880,4294967296,1359052800,1472695,1472695,50241970
train-2,c2,eager,20259000,damageprofiler,1280928724,32138,88.5,1743249408,126918467,1684424,1,6553600,1736704,7311417344,4294967296,1743695872,769954276,769954276,6426512054
train-2,c2,eager,158400,damageprofiler,10047704,3969,92.9,250126336,36883887,109310,1,0,139264,7308218368,4294967296,250126336,679825189,679825189,50241970
test,c2,eager,81035690,damageprofiler,4341560449,102016,95.9,2244788224,341060032,5609330,1,2379776,5857280,7310336000,4294967296,2245992448,983480878,983480878,25705994498
train-2,c2,eager,40517890,damageprofiler,2558365820,61481,95.4,1862332416,206908637,3116451,1,5922816,3325952,7223361536,4294967296,1863536640,849349196,849349196,12853007928
train-2,c2,eager,79200,qualimap,5020214,9685,134.3,813162496,35789616,895020,2,5439488,1003520,7369580544,4294967296,816504832,679280648,679280648,25120602
train-2,c2,eager,5064800,qualimap,321131462,12251,162.1,715538432,59260400,870184,2,4927488,995328,7369580544,4294967296,715538432,703541706,703541706,1606644896
train-2,c2,eager,2532400,qualimap,160406600,10956,156.5,779866112,47410704,884439,2,13434880,1007616,7369580544,4294967296,779866112,691757530,691757530,803341072
train-2,c2,eager,1266200,qualimap,80290405,9099,169.9,831905792,41620763,874356,2,0,978944,7369580544,4294967296,831905792,685704840,685704840,401672466
train-2,c2,eager,633200,qualimap,40164535,8662,160.7,812777472,38558502,893034,2,3170304,1019904,7369580544,4294967296,812777472,682549164,682549164,200867866
train-2,c2,eager,316600,qualimap,20081217,7969,158.9,767373312,35921200,889586,2,1613824,1028096,7369580544,4294967296,769957888,680812606,680812606,100428862
test,c2,eager,81035690,qualimap,4341560449,46492,191.1,1621782528,339974679,859844,2,0,958464,7369580544,4294967296,1622396928,983480878,983480878,25705994498
train-2,c2,eager,40517890,qualimap,2558365820,32661,175.2,1241116672,205823302,842826,2,4947968,950272,7303430144,4294967296,1241747456,849349196,849349196,12853007928
train-2,c2,eager,158400,qualimap,10047704,9059,141.8,894066688,35925950,870993,2,815104,974848,7369580544,4294967296,895438848,679825189,679825189,50241970
train-2,c2,eager,20259000,qualimap,1280928724,22014,164.4,1103237120,126246732,866166,2,7499776,974848,7305527296,4294967296,1103826944,769954276,769954276,6426512054
train-2,c2,eager,10129600,qualimap,641176244,12729,179.8,1148919808,82587763,867062,2,17760256,978944,7369580544,4294967296,1148919808,726466140,726466140,3213283072
train-2,c2,eager,1266200,genotyping_hc,80290405,484551,108.9,2921578496,1482236848,41003946,8,335253504,41111552,18509615104,15032385536,2930044928,685751651,685751651,401672466
train-2,c2,eager,316600,genotyping_hc,20081217,377550,112.9,2582126592,1436675932,12376685,8,2457600,12447744,18509340672,15032385536,2584227840,680859417,680859417,100428862
train-2,c2,eager,20259000,genotyping_hc,1280928724,1972468,112.8,5602598912,2076291620,589523127,8,6684672,589647872,18511339520,15032385536,5602598912,770001087,770001087,6426512054
train-2,c2,eager,5064800,genotyping_hc,321131462,837458,109.0,5578936320,1609686217,154328186,8,5263360,154439680,18511646720,15032385536,5578936320,703588517,703588517,1606644896
train-2,c2,eager,79200,genotyping_hc,5020214,347433,111.0,3355729920,1379686690,5173810,8,921600,5218304,18481729536,15032385536,3355729920,679327459,679327459,25120602
train-2,c2,eager,10129600,genotyping_hc,641176244,1250375,110.0,5582974976,1769367279,302790167,8,917504,302927872,18511511552,15032385536,5582974976,726512951,726512951,3213283072
train-2,c2,eager,2532400,genotyping_hc,160406600,600727,110.0,4637224960,1527323526,79023079,8,4943872,79126528,18509615104,15032385536,4637224960,691804341,691804341,803341072
train-2,c2,eager,158400,genotyping_hc,10047704,359662,109.9,2683219968,1412173497,7579058,8,1466368,7626752,18481872896,15032385536,2686803968,679872000,679872000,50241970
train-2,c2,eager,40517890,genotyping_hc,2558365820,3062468,119.9,5590667264,2646775214,1128056688,8,569344,1127985152,18511159296,15032385536,5613039616,849396007,849396007,12853007928
test,c2,eager,81035690,genotyping_hc,4341560449,4401957,133.1,5580279808,3634496239,2066670988,8,58785792,2066104320,18511138816,15032385536,5580816384,983527689,983527689,25705994498
train-2,c2,eager,633200,genotyping_hc,40164535,410000,112.4,2433331200,1456220096,21951388,8,6455296,22007808,18509516800,15032385536,2444595200,682595975,682595975,200867866
train-2,c2,eager,1266200,bcftools_stats,80290405,2662,87.3,9744384,682456355,12888,2,1204224,20480,1049927680,4294967296,9744384,681721766,678428015,401672466
train-2,c2,eager,316600,bcftools_stats,20081217,2305,94.1,9814016,679488999,12034,2,2170880,16384,1049927680,4294967296,9814016,679227400,678428015,100428862
train-2,c2,eager,20259000,bcftools_stats,1280928724,5957,94.9,10424320,780206523,20804,2,1863680,24576,1050214400,4294967296,10424320,728679582,678428015,6426512054
train-2,c2,eager,5064800,bcftools_stats,321131462,3131,96.7,9850880,696187305,15672,2,503808,20480,1049927680,4294967296,9850880,691453069,678428015,1606644896
train-2,c2,eager,79200,bcftools_stats,5020214,2167,107.3,10096640,678653318,11893,2,229376,16384,1049927680,4294967296,10096640,678588330,678428015,25120602
train-2,c2,eager,10129600,bcftools_stats,641176244,3957,104.3,10772480,720740577,17730,2,0,24576,1050062848,4294967296,10772480,704144325,678428015,3213283072
train-2,c2,eager,2532400,bcftools_stats,160406600,2536,109.6,10526720,686582201,13804,2,0,20480,1050062848,4294967296,10526720,684995643,678428015,803341072
train-2,c2,eager,158400,bcftools_stats,10047704,2282,104.0,9932800,678867928,11897,2,442368,16384,1050062848,4294967296,9932800,678802938,678428015,50241970
train-2,c2,eager,40517890,bcftools_stats,2558365820,8293,102.5,10768384,905461169,25531,2,0,32768,1050210304,4294967296,10768384,775159955,678428015,12853007928
test,c2,eager,81035690,bcftools_stats,4341560449,13109,101.4,10776576,1105446375,32351,2,0,36864,1050415104,4294967296,10776576,857442503,678428015,25705994498
train-2,c2,eager,633200,bcftools_stats,40164535,2138,108.5,9998336,680473317,12329,2,0,16384,1049927680,4294967296,9998336,680066409,678428015,200867866
test,c2,eager,46542362,fastqc,2473122453,199401,194.4,389996544,2519178079,2061826,2,0,2375680,3087523840,4294967296,389996544,2473122453,14754556884,14754556884
test,c2,eager,60330502,fastqc,3121358522,255462,194.1,425832448,3167492128,2268631,2,0,2613248,3091738624,4294967296,425832448,3121358522,19132169434,19132169434
test,c2,eager,60151302,fastqc,3136034927,253562,193.1,416296960,3182169727,2268191,2,0,2621440,3091738624,4294967296,416296960,3136034927,19075314980,19075314980
test,c2,eager,60229168,fastqc,3103229713,253457,193.4,411348992,3149364381,2264539,2,0,2625536,3092242432,4294967296,411348992,3103229713,19100037384,19100037384
test,c2,eager,46542362,adapter_removal,2473122453,620937,182.2,193368064,7472161010,5707206560,8,0,5707419648,18296881152,15032385536,193368064,2473122598,14754557029,14754556884
test,c2,eager,60330502,adapter_removal,3121358522,666477,196.6,192446464,8648875471,6388206048,8,0,6388432896,18295541760,15032385536,194220032,3121358667,19132169579,19132169434
test,c2,eager,60151302,adapter_removal,3136034927,665583,196.8,193933312,8662979222,6376816162,8,8192,6377046016,18295541760,15032385536,196931584,3136035072,19075315125,19075314980
test,c2,eager,60229168,adapter_removal,3103229713,659496,197.7,193011712,8623850136,6379727685,8,184320,6379945984,18295541760,15032385536,193011712,3103229858,19100037529,19100037384
test,c2,eager,46542362,fastqc_after_clipping,2473122453,85594,101.9,337604608,700999455,971053,2,1331200,1130496,2941722624,4294967296,337604608,666433064,3664096222,14754556884
test,c2,eager,60330502,fastqc_after_clipping,3121358522,95337,101.9,355557376,782137296,1046080,2,45056,1204224,2941722624,4294967296,355557376,736957486,4051833413,19132169434
test,c2,eager,60151302,fastqc_after_clipping,3136034927,92297,102.4,378122240,771280838,1049091,2,0,1204224,3019362304,4294967296,378122240,736670640,4041253526,19075314980
test,c2,eager,60229168,fastqc_after_clipping,3103229713,96287,102.5,350584832,770290691,1048437,2,4096,1208320,2941722624,4294967296,350584832,735680935,4047488645,19100037384
test,c2,eager,46542362,bwa,2473122453,2359310,679.1,6542249984,105398571025,6083475137,8,532811776,1251229696,7503519744,15032385536,6869925888,666437160,3664100318,14754556884
test,c2,eager,60229168,bwa,3103229713,2830248,690.2,6369542144,114053795742,7565549868,8,7979008,2242736128,7447302144,15032385536,7909797888,735685031,4047492741,19100037384
test,c2,eager,60151302,bwa,3136034927,2829641,688.3,6368845824,114048624614,7558402146,8,7892992,2245226496,7516532736,15032385536,7909203968,736674736,4041257622,19075314980
test,c2,eager,60330502,bwa,3121358522,2862808,689.0,6753796096,114065318548,7574520060,8,18665472,2244947968,7780913152,15032385536,6909566976,736961582,4051837509,19132169434
test,c2,eager,60229168,samtools_flagstat,3103229713,10068,94.4,6725632,810946242,571,1,131072,4096,12374016,1073741824,6725632,811391700,811391700,19100037384
test,c2,eager,46542362,samtools_flagstat,2473122453,9206,94.6,6746112,732946870,571,1,0,4096,12374016,1073741824,6746112,733370584,733370584,14754556884
test,c2,eager,60151302,samtools_flagstat,3136034927,10063,94.3,6852608,812101049,571,1,0,4096,12374016,1073741824,6852608,812549323,812549323,19075314980
test,c2,eager,60330502,samtools_flagstat,3121358522,10109,94.7,4882432,812266747,571,1,0,4096,12374016,1073741824,4882432,812712693,812712693,19132169434
test,c2,eager,60229168,samtools_filter,3103229713,11760,249.1,10473472,1029555345,219117112,4,0,219267072,468344832,8589934592,10473472,811391700,811391700,19100037384
test,c2,eager,46542362,samtools_filter,2473122453,10960,241.8,10534912,937016112,204596131,4,0,204750848,468344832,8589934592,10534912,733370584,733370584,14754556884
test,c2,eager,60330502,samtools_filter,3121358522,9398,301.6,10412032,1031219691,219465913,4,0,219615232,468344832,8589934592,10412032,812712693,812712693,19132169434
test,c2,eager,60151302,samtools_filter,3136034927,10923,261.2,10199040,1030731131,219145387,4,0,219332608,468344832,8589934592,10199040,812549323,812549323,19075314980
test,c2,eager,60229168,samtools_flagstat_after_filter,3103229713,2581,93.5,4739072,218643405,571,1,0,4096,12374016,1073741824,4739072,219116926,219116926,19100037384
test,c2,eager,60229168,markduplicates,3103229713,73947,118.7,2574540800,668265227,208045247,2,44695552,208072704,7702360064,4294967296,2574610432,219116926,219116926,19100037384
test,c2,eager,60229168,preseq,3103229713,21801,96.1,7905280,218643407,102044,1,659456,102400,13672448,1073741824,7905280,218593374,218593374,19100037384
test,c2,eager,46542362,samtools_flagstat_after_filter,2473122453,2382,94.4,6709248,204103544,571,1,0,4096,12374016,1073741824,6709248,204595945,204595945,14754556884
test,c2,eager,46542362,preseq,2473122453,20218,95.2,7766016,204103546,93910,1,0,94208,13672448,1073741824,7766016,204053513,204053513,14754556884
test,c2,eager,46542362,markduplicates,2473122453,68289,118.7,3034132480,621913174,190791543,2,41713664,190812160,7702360064,4294967296,3035201536,204595945,204595945,14754556884
test,c2,eager,60330502,samtools_flagstat_after_filter,3121358522,2753,93.8,6627328,218987245,571,1,0,4096,12374016,1073741824,6627328,219465727,219465727,19132169434
test,c2,eager,60330502,preseq,3121358522,21811,94.7,8093696,218987247,102294,1,282624,102400,13672448,1073741824,8093696,218937215,218937215,19132169434
test,c2,eager,60151302,samtools_flagstat_after_filter,3136034927,2413,91.3,6701056,218664383,571,1,0,4096,12374016,1073741824,6701056,219145201,219145201,19075314980
test,c2,eager,60151302,preseq,3136034927,19789,95.1,7852032,218664386,101860,1,385024,102400,13672448,1073741824,7852032,218614353,218614353,19075314980
test,c2,eager,60330502,markduplicates,3121358522,71926,118.4,2571374592,669282862,208380578,2,43311104,208420864,7702360064,4294967296,2571730944,219465727,219465727,19132169434
test,c2,eager,60151302,markduplicates,3136034927,72081,116.4,2568249344,668309704,208055496,2,49172480,208113664,7702360064,4294967296,2568314880,219145201,219145201,19075314980
test,c2,eager,60229168,damageprofiler,3103229713,71123,94.9,2020175872,242951189,3941510,1,3231744,4059136,7223418880,4294967296,2020175872,885766994,885766994,19100037384
test,c2,eager,46542362,damageprofiler,2473122453,61682,94.7,1921298432,225263196,3473805,1,6557696,3543040,7221432320,4294967296,1921298432,868513288,868513288,14754556884
test,c2,eager,60330502,damageprofiler,3121358522,71203,95.1,2038087680,243281126,3949249,1,0,4063232,7221432320,4294967296,2038087680,886102324,886102324,19132169434
test,c2,eager,60151302,damageprofiler,3136034927,72479,95.3,2043641856,243369339,3935678,1,0,4042752,7221432320,4294967296,2043641856,885777241,885777241,19075314980
test,c2,eager,60229168,qualimap,3103229713,36209,179.8,1516494848,242279440,896383,2,1294336,1015808,7300644864,4294967296,1516494848,885766994,885766994,19100037384
test,c2,eager,46542362,qualimap,2473122453,35282,177.6,1222868992,225005061,866438,2,5664768,987136,7369605120,4294967296,1222868992,868513288,868513288,14754556884
test,c2,eager,60330502,qualimap,3121358522,33225,189.2,1182846976,242609391,921069,2,0,1024000,7297654784,4294967296,1182846976,886102324,886102324,19132169434
test,c2,eager,60151302,qualimap,3136034927,32937,188.5,1545240576,242284005,899903,2,0,1011712,7297654784,4294967296,1545240576,885777241,885777241,19075314980
test,c2,eager,60229168,genotyping_hc,3103229713,2870761,130.3,3021504512,2804762344,1262736010,8,204115968,1262968832,18511142912,15032385536,3028332544,885813805,885813805,19100037384
test,c2,eager,60151302,genotyping_hc,3136034927,2839781,130.9,5587664896,2804008784,1262168964,8,581632,1262379008,18511151104,15032385536,5587664896,885824052,885824052,19075314980
test,c2,eager,46542362,genotyping_hc,2473122453,3318117,121.1,5570674688,2791024571,1265539233,8,0,1265553408,18511163392,15032385536,5570674688,868560099,868560099,14754556884
test,c2,eager,60330502,genotyping_hc,3121358522,2845669,130.9,5594513408,2807333635,1265209902,8,0,1265401856,18511151104,15032385536,5614043136,886149135,886149135,19132169434
test,c2,eager,60229168,bcftools_stats,3103229713,9492,98.6,10776576,990614282,28314,2,540672,32768,1050218496,4294967296,10776576,788354519,678428015,19100037384
test,c2,eager,60151302,bcftools_stats,3136034927,9288,99.4,10940416,997465559,28289,2,1548288,32768,1050214400,4294967296,10940416,788390052,678428015,19075314980
test,c2,eager,46542362,bcftools_stats,2473122453,9051,100.6,10866688,938354974,26121,2,262144,32768,1050353664,4294967296,10866688,786951147,678428015,14754556884
test,c2,eager,60330502,bcftools_stats,3121358522,9142,100.4,10616832,993220572,28674,2,49152,32768,1050234880,4294967296,10616832,788535977,678428015,19132169434
